datetime,cash,capital
2024-04-19T09:36:27.321458,100000,100000
2024-04-19T14:11:42.096097,100000.0,100000.0
2024-04-19T14:12:00.373580,100000.0,100000.0
2024-04-22T10:00:01.169545,89748.0,99507.0
2024-04-22T10:01:01.071913,89748.0,99393.0
2024-04-22T10:02:01.149334,90118.0,99400.0
2024-04-22T10:03:01.104642,90118.0,99538.0
2024-04-22T10:04:01.094255,90118.0,99424.0
2024-04-22T10:05:01.011053,90118.0,99424.0
2024-04-22T10:06:01.109933,90118.0,99233.0
2024-04-22T10:07:01.093234,89143.0,99442.0
2024-04-22T10:08:01.060780,89143.0,99403.0
2024-04-22T10:09:01.115657,89143.0,99478.0
2024-04-22T10:10:01.140940,89143.0,99693.0
2024-04-22T10:11:01.195445,90118.0,99478.0
2024-04-22T10:12:01.134233,90118.0,99418.0
2024-04-22T10:13:01.063699,90118.0,99418.0
2024-04-22T10:14:01.040121,90118.0,99478.0
2024-04-22T10:15:01.189257,89278.0,99637.0
2024-04-22T10:16:01.095529,89278.0,99637.0
2024-04-22T10:17:01.143493,89278.0,99653.0
2024-04-22T10:18:01.165728,89278.0,99627.0
2024-04-22T10:19:01.102099,89278.0,99697.0
2024-04-22T10:20:01.219779,89278.0,99697.0
2024-04-22T10:21:01.160373,90358.0,99871.0
2024-04-22T10:22:01.213846,90358.0,100137.0
2024-04-22T10:23:01.130291,90358.0,100172.0
2024-04-22T10:24:01.221138,88972.0,100362.0
2024-04-22T10:25:01.404090,87812.0,99881.0
2024-04-22T10:26:01.315887,87812.0,100280.0
2024-04-22T10:27:01.251114,87812.0,100315.0
2024-04-22T10:28:01.441202,87812.0,100280.0
2024-04-22T10:29:01.301620,87812.0,100279.0
2024-04-22T10:30:01.876994,87812.0,100219.0
2024-04-22T10:31:01.471095,87812.0,100116.0
2024-04-22T10:32:01.326274,87812.0,100029.0
2024-04-22T10:33:01.350278,87812.0,99838.0
2024-04-22T10:34:01.563332,87812.0,99768.0
2024-04-22T10:35:01.357318,87812.0,100019.0
2024-04-22T10:36:01.398692,87812.0,100044.0
2024-04-22T10:37:01.419530,87812.0,99939.0
2024-04-22T10:38:01.409499,87812.0,99897.0
2024-04-22T10:39:01.712282,87812.0,99894.0
2024-04-22T10:40:01.403953,87812.0,99374.0
2024-04-22T10:41:01.229297,87812.0,99374.0
2024-04-22T10:42:01.343388,87812.0,99236.0
2024-04-22T10:43:01.533484,87812.0,99149.0
2024-04-22T10:44:01.250569,87812.0,99121.0
2024-04-22T10:45:01.316690,87812.0,99372.0
2024-04-22T10:46:01.282577,87812.0,99312.0
2024-04-22T10:47:01.327224,87812.0,99252.0
2024-04-22T10:48:01.282767,87812.0,99312.0
2024-04-22T10:49:01.270393,87812.0,99302.0
2024-04-22T10:50:01.347155,87812.0,99284.0
2024-04-22T10:51:01.329767,87812.0,100145.0
2024-04-22T10:52:01.265389,87812.0,100127.0
2024-04-22T10:53:01.299380,87812.0,100325.0
2024-04-22T10:54:01.422266,87812.0,100516.0
2024-04-22T10:55:01.340641,87812.0,100576.0
2024-04-22T10:56:01.211529,87812.0,100679.0
2024-04-22T10:57:01.287113,87812.0,100739.0
2024-04-22T10:58:01.234436,87812.0,100739.0
2024-04-22T10:59:01.664407,87812.0,100488.0
2024-04-22T11:00:01.467732,87812.0,100297.0
2024-04-22T11:01:01.160497,87812.0,100530.0
2024-04-22T11:02:01.169337,87812.0,100512.0
2024-04-22T11:03:01.548798,87812.0,100721.0
2024-04-22T11:04:01.241749,87812.0,100661.0
2024-04-22T11:05:01.198890,87812.0,100676.0
2024-04-22T11:06:01.168307,87812.0,100676.0
2024-04-22T11:07:01.160088,87812.0,100485.0
2024-04-22T11:08:01.108515,87812.0,100718.0
2024-04-22T11:09:01.184812,87812.0,100708.0
2024-04-22T11:10:01.193587,87812.0,100708.0
2024-04-22T11:11:01.459524,87812.0,100750.0
2024-04-22T11:12:01.653466,92912.0,101100.0
2024-04-22T11:13:01.145954,92912.0,100720.0
2024-04-22T11:14:01.119451,92912.0,100765.0
2024-04-22T11:15:01.133802,92912.0,100956.0
2024-04-22T11:16:01.112629,92912.0,101464.0
2024-04-22T11:17:01.138184,92912.0,100938.0
2024-04-22T11:18:01.177038,92912.0,100574.0
2024-04-22T11:19:01.100373,92912.0,100783.0
2024-04-22T11:20:01.429034,92912.0,100765.0
2024-04-22T11:21:01.197542,92912.0,100765.0
2024-04-22T11:22:01.215767,92912.0,100765.0
2024-04-22T11:23:01.136195,92912.0,100765.0
2024-04-22T11:24:01.200191,92912.0,100765.0
2024-04-22T11:25:01.149764,92912.0,100592.0
2024-04-22T11:26:01.174861,92912.0,100066.0
2024-04-22T11:27:01.195180,92912.0,99848.0
2024-04-22T11:28:01.162838,92912.0,100021.0
2024-04-22T11:29:01.132981,92912.0,99873.0
2024-04-22T11:30:01.085531,92912.0,99655.0
2024-04-22T11:31:01.291225,90779.0,99525.0
2024-04-22T11:32:01.228910,90779.0,99498.0
2024-04-22T11:33:01.257302,90779.0,99655.0
2024-04-22T11:34:01.122476,90779.0,99192.0
2024-04-22T11:35:01.173620,90779.0,99165.0
2024-04-22T11:36:01.154867,90779.0,99165.0
2024-04-22T11:37:01.195657,90779.0,99226.0
2024-04-22T11:38:01.171466,90779.0,98817.0
2024-04-22T11:39:01.186552,90779.0,98835.0
2024-04-22T11:40:01.164579,90779.0,98781.0
2024-04-22T11:41:01.154104,90779.0,98709.0
2024-04-22T11:42:01.070157,90779.0,99120.0
2024-04-22T11:43:01.071924,90779.0,99174.0
2024-04-22T11:44:01.036549,90779.0,99392.0
2024-04-22T11:45:01.086268,90779.0,99419.0
2024-04-22T11:46:01.084265,90779.0,99401.0
2024-04-22T11:47:01.049345,90779.0,99365.0
2024-04-22T11:48:01.089648,90779.0,99219.0
2024-04-22T11:49:01.022164,90779.0,98974.0
2024-04-22T11:50:01.097791,90779.0,98983.0
2024-04-22T11:51:01.053864,90779.0,98965.0
2024-04-22T11:52:01.182873,90779.0,98745.0
2024-04-22T11:53:01.187944,90779.0,98527.0
2024-04-22T11:54:01.225604,90779.0,98228.0
2024-04-22T11:55:01.230021,90779.0,98037.0
2024-04-22T11:56:01.124980,90779.0,98028.0
2024-04-22T11:57:01.190171,90779.0,98089.0
2024-04-22T11:58:01.170924,90779.0,98098.0
2024-04-22T11:59:01.384058,90779.0,98044.0
2024-04-22T12:00:01.716060,92219.0,98017.0
2024-04-22T12:01:01.614216,91079.0,97897.0
2024-04-22T12:02:01.178814,92276.0,98007.0
2024-04-22T12:03:01.173432,92276.0,98007.0
2024-04-22T12:04:01.263577,90876.0,97813.0
2024-04-22T12:05:01.240434,90876.0,97831.0
2024-04-22T12:06:01.376956,90876.0,97883.0
2024-04-22T12:07:01.258497,90876.0,97640.0
2024-04-22T12:08:01.271597,90876.0,97692.0
2024-04-22T12:09:01.291912,90876.0,97692.0
2024-04-22T12:10:01.563853,90876.0,97692.0
2024-04-22T12:11:01.256051,90876.0,97640.0
2024-04-22T12:12:01.756344,90876.0,97595.0
2024-04-22T12:13:01.228519,90876.0,97640.0
2024-04-22T12:14:01.212806,90876.0,97710.0
2024-04-22T12:15:01.550448,90876.0,97516.0
2024-04-22T12:16:01.313485,90876.0,97246.0
2024-04-22T12:17:01.284207,90876.0,97343.0
2024-04-22T12:18:01.118289,90876.0,97352.0
2024-04-22T12:19:01.257719,90876.0,97492.0
2024-04-22T12:20:01.169763,90876.0,97501.0
2024-04-22T12:21:01.384914,90876.0,97431.0
2024-04-22T12:22:01.226646,90876.0,97431.0
2024-04-22T12:23:01.266848,90876.0,97458.0
2024-04-22T12:24:01.480835,90876.0,97676.0
2024-04-22T12:25:01.281404,90876.0,97773.0
2024-04-22T12:26:01.234335,90876.0,97755.0
2024-04-22T12:27:01.286796,90876.0,97631.0
2024-04-22T12:28:01.294318,90876.0,97561.0
2024-04-22T12:29:01.256441,90876.0,97561.0
2024-04-22T12:30:01.283876,90876.0,97658.0
2024-04-22T12:31:01.246120,90876.0,97831.0
2024-04-22T12:32:01.225697,90876.0,97910.0
2024-04-22T12:33:01.232735,90876.0,97910.0
2024-04-22T12:34:01.194647,90876.0,97937.0
2024-04-22T12:35:01.218247,90876.0,97840.0
2024-04-22T12:36:01.282172,90876.0,97525.0
2024-04-22T12:37:01.216359,90876.0,97552.0
2024-04-22T12:38:01.219594,90876.0,97428.0
2024-04-22T12:39:01.279598,90876.0,97428.0
2024-04-22T12:40:01.257748,90876.0,97280.0
2024-04-22T12:41:01.252992,90876.0,97568.0
2024-04-22T12:42:01.581866,90876.0,97350.0
2024-04-22T12:43:01.401891,90876.0,97253.0
2024-04-22T12:44:01.226555,90876.0,97235.0
2024-04-22T12:45:01.309055,90876.0,97235.0
2024-04-22T12:46:01.293571,90876.0,97208.0
2024-04-22T12:47:01.303564,90876.0,97226.0
2024-04-22T12:48:01.139828,90876.0,97138.0
2024-04-22T12:49:01.135928,90876.0,97120.0
2024-04-22T12:50:01.752226,90876.0,97120.0
2024-04-22T12:51:01.186452,90876.0,97120.0
2024-04-22T12:52:01.353655,90876.0,97102.0
2024-04-22T12:53:01.134602,90876.0,97120.0
2024-04-22T12:54:01.132445,90876.0,97174.0
2024-04-22T12:55:01.141276,90876.0,97095.0
2024-04-22T12:56:01.057332,90876.0,97050.0
2024-04-22T12:57:01.199644,90876.0,97068.0
2024-04-22T12:58:01.128710,90876.0,97095.0
2024-04-22T12:59:01.129370,90876.0,97068.0
2024-04-22T13:00:01.195566,90876.0,97034.0
2024-04-22T13:01:01.124085,90876.0,97032.0
2024-04-22T13:02:01.107989,90876.0,96989.0
2024-04-22T13:03:01.143300,90876.0,96980.0
2024-04-22T13:04:02.158324,90876.0,97061.0
2024-04-22T13:05:01.098948,90876.0,97052.0
2024-04-22T13:06:01.013387,90876.0,97343.0
2024-04-22T13:07:01.124457,90876.0,97158.0
2024-04-22T13:08:01.022889,90876.0,97264.0
2024-04-22T13:09:01.082196,90876.0,97246.0
2024-04-22T13:10:01.149246,90876.0,97131.0
2024-04-22T13:11:01.043545,90876.0,97361.0
2024-04-22T13:12:01.496177,90876.0,97176.0
2024-04-22T13:13:01.028963,90876.0,97291.0
2024-04-22T13:14:00.997058,94026.0,97406.0
2024-04-22T13:15:00.956245,94026.0,97325.0
2024-04-22T13:16:01.001863,94026.0,97309.0
2024-04-22T13:17:00.987575,94026.0,97282.0
2024-04-22T13:18:00.956542,94026.0,97282.0
2024-04-22T13:19:01.007438,94026.0,96873.0
2024-04-22T13:20:01.061762,94026.0,96900.0
2024-04-22T13:21:01.163319,94026.0,96873.0
2024-04-22T13:22:01.081833,94026.0,96873.0
2024-04-22T13:23:01.037442,94026.0,96846.0
2024-04-22T13:24:01.151452,94026.0,96846.0
2024-04-22T13:25:01.196897,91478.0,96693.0
2024-04-22T13:26:01.160874,92948.0,96886.0
2024-04-22T13:27:01.178893,89406.0,96259.0
2024-04-22T13:28:01.192859,89406.0,96115.0
2024-04-22T13:29:01.063721,89406.0,96305.0
2024-04-22T13:30:01.138402,89406.0,95521.0
2024-04-22T13:31:01.317153,86586.0,94772.0
2024-04-22T13:32:01.166066,86586.0,94930.0
2024-04-22T13:33:01.261638,86586.0,94957.0
2024-04-22T13:34:01.241677,86586.0,95355.0
2024-04-22T13:35:01.450373,86586.0,95445.0
2024-04-22T13:36:01.215998,86586.0,95583.0
2024-04-22T13:37:01.477702,86586.0,94995.0
2024-04-22T13:38:01.116581,86586.0,95014.0
2024-04-22T13:39:01.204226,86586.0,94824.0
2024-04-22T13:40:01.197289,86586.0,94634.0
2024-04-22T13:41:01.483169,86586.0,94759.0
2024-04-22T13:42:01.197365,86586.0,94027.0
2024-04-22T13:43:01.164513,86586.0,94027.0
2024-04-22T13:44:01.061451,86586.0,94092.0
2024-04-22T13:45:01.268473,86586.0,93975.0
2024-04-22T13:46:01.211602,86586.0,94257.0
2024-04-22T13:47:01.133204,86586.0,94257.0
2024-04-22T13:48:01.209630,86586.0,94067.0
2024-04-22T13:49:01.164977,86586.0,95251.0
2024-04-22T13:50:01.167577,86586.0,95630.0
2024-04-22T13:51:01.221129,86586.0,95611.0
2024-04-22T13:52:01.088587,88341.0,98349.0
2024-04-22T13:53:01.138275,97311.0,102219.0
2024-04-22T13:54:01.084177,97381.0,101998.0
2024-04-22T13:55:00.998041,97381.0,101952.0
2024-04-22T13:56:01.021520,96421.0,102189.0
2024-04-22T13:57:01.023608,96421.0,101919.0
2024-04-22T13:58:01.015088,96421.0,101999.0
2024-04-22T13:59:01.018394,96421.0,101781.0
2024-04-22T14:00:01.525779,95646.0,101878.0
2024-04-22T14:01:01.086204,95646.0,101731.0
2024-04-22T14:02:01.132726,95646.0,101707.0
2024-04-22T14:03:01.102108,95646.0,101609.0
2024-04-22T14:04:01.016472,95646.0,101492.0
2024-04-22T14:05:01.123559,95646.0,101492.0
2024-04-22T14:06:01.107634,95646.0,101250.0
2024-04-22T14:07:01.139928,95646.0,101274.0
2024-04-22T14:08:01.064050,95646.0,101568.0
2024-04-22T14:09:01.157995,95646.0,101663.0
2024-04-22T14:10:01.157109,95646.0,101540.0
2024-04-22T14:11:01.152220,95646.0,101687.0
2024-04-22T14:12:01.189140,95646.0,101372.0
2024-04-22T14:13:01.138308,95646.0,101423.0
2024-04-22T14:14:01.177439,95646.0,101545.0
2024-04-22T14:15:01.179977,95646.0,101616.0
2024-04-22T14:16:01.114745,95646.0,101229.0
2024-04-22T14:17:01.147059,95646.0,101615.0
2024-04-22T14:18:01.101904,95646.0,101833.0
2024-04-22T14:19:01.155115,95646.0,101569.0
2024-04-22T14:20:01.184624,95646.0,101762.0
2024-04-22T14:21:00.926439,95646.0,102366.0
2024-04-22T14:22:00.995475,100224.0,102752.0
2024-04-22T14:23:01.034928,97264.0,102337.0
2024-04-22T14:24:01.009798,97264.0,102485.0
2024-04-22T14:25:01.046604,97264.0,102660.0
2024-04-22T14:26:01.050428,97264.0,102220.0
2024-04-22T14:27:01.013070,97264.0,102491.0
2024-04-22T14:28:01.002383,97264.0,102343.0
2024-04-22T14:29:01.018558,97264.0,102435.0
2024-04-22T14:30:01.102627,97264.0,102164.0
2024-04-22T14:31:01.003701,97264.0,102343.0
2024-04-22T14:32:00.926712,97264.0,102226.0
2024-04-22T14:33:01.029292,97264.0,102374.0
2024-04-22T14:34:00.994237,97264.0,102032.0
2024-04-22T14:35:01.044274,97264.0,102226.0
2024-04-22T14:36:01.056491,97264.0,102328.0
2024-04-22T14:37:01.041224,97264.0,101961.0
2024-04-22T14:38:01.002732,97264.0,102134.0
2024-04-22T14:39:00.998955,97264.0,101792.0
2024-04-22T14:40:00.972612,97264.0,101100.0
2024-04-22T14:41:00.985569,97264.0,101236.0
2024-04-22T14:42:01.082448,97264.0,101280.0
2024-04-22T14:43:00.993909,97264.0,101485.0
2024-04-22T14:44:01.070133,97264.0,101725.0
2024-04-22T14:45:01.173810,97264.0,101704.0
2024-04-22T14:46:01.085896,97264.0,101485.0
2024-04-22T14:47:01.048099,97264.0,101694.0
2024-04-22T14:48:01.047561,97264.0,101694.0
2024-04-22T14:49:01.008657,97264.0,101669.0
2024-04-22T14:50:01.116883,97264.0,101598.0
2024-04-22T14:51:01.008497,97264.0,101740.0
2024-04-22T14:52:00.982056,97264.0,101669.0
2024-04-22T14:53:00.964202,97264.0,101974.0
2024-04-22T14:54:01.167119,97264.0,101642.0
2024-04-22T14:55:01.095136,97264.0,101544.0
2024-04-22T14:56:01.155241,97264.0,101354.0
2024-04-22T14:57:01.056354,97264.0,100886.0
2024-04-22T14:58:01.078608,97264.0,101074.0
2024-04-22T14:59:01.073205,97264.0,100886.0
2024-04-22T15:00:01.038570,97264.0,100738.0
2024-04-22T15:01:01.004052,97264.0,100757.0
2024-04-22T15:02:00.880699,97264.0,100847.0
2024-04-22T15:03:01.183506,97264.0,100847.0
2024-04-22T15:04:01.041684,97264.0,100847.0
2024-04-22T15:05:00.998875,97264.0,100945.0
2024-04-22T15:06:01.091752,97264.0,100970.0
2024-04-22T15:07:01.056392,97264.0,100899.0
2024-04-22T15:08:00.931511,97264.0,100970.0
2024-04-22T15:09:01.195296,97264.0,100943.0
2024-04-22T15:10:00.958493,97264.0,100847.0
2024-04-22T15:11:00.935884,97264.0,101041.0
2024-04-22T15:12:00.855784,100923.0,101611.0
2024-04-22T15:13:01.014008,88140.0,101131.0
2024-04-22T15:14:00.922438,88140.0,100847.0
2024-04-22T15:15:00.960792,88140.0,99960.0
2024-04-22T15:16:00.923553,88140.0,99578.0
2024-04-22T15:17:00.936152,88140.0,100033.0
2024-04-22T15:18:00.939985,88140.0,99847.0
2024-04-22T15:19:00.836501,101662.0,102006.0
2024-04-22T15:20:00.715443,101662.0,102006.0
2024-04-22T15:21:00.975143,89538.0,101215.0
2024-04-22T15:22:01.006599,102412.0,103624.0
2024-04-22T15:23:00.874076,101359.0,103543.0
2024-04-22T15:24:00.786001,101359.0,103462.0
2024-04-22T15:25:00.794542,101507.0,103408.0
2024-04-22T15:26:00.980879,99779.0,103156.0
2024-04-22T15:27:00.853302,99779.0,103183.0
2024-04-22T15:28:00.909156,102521.0,103053.0
2024-04-22T15:29:00.649329,102521.0,103053.0
2024-04-22T15:30:00.625717,102521.0,103053.0
2024-04-22T15:31:00.613833,102521.0,103053.0
2024-04-22T15:32:00.674487,102521.0,103053.0
2024-04-22T15:33:00.645293,102521.0,103053.0
2024-04-22T15:34:00.660225,102521.0,103319.0
2024-04-22T15:35:00.748923,105181.0,105181.0
2024-04-22T15:36:00.589128,105181.0,105181.0
2024-04-22T15:37:00.568608,105181.0,105181.0
2024-04-22T15:38:00.622903,105181.0,105181.0
2024-04-22T15:39:00.572181,105181.0,105181.0
2024-04-22T15:40:00.584718,105181.0,105181.0
2024-04-22T15:41:00.625874,105181.0,105181.0
2024-04-22T15:42:00.609245,105181.0,105181.0
2024-04-22T15:43:00.589330,105181.0,105181.0
2024-04-22T15:44:00.633604,105181.0,105181.0
2024-04-22T15:45:00.605301,105181.0,105181.0
2024-04-22T15:46:00.607730,105181.0,105181.0
2024-04-22T15:47:00.628029,105181.0,105181.0
2024-04-22T15:48:00.629897,105181.0,105181.0
2024-04-22T15:49:00.580330,105181.0,105181.0
2024-04-22T15:50:00.675326,105181.0,105181.0
2024-04-22T15:51:00.627975,105181.0,105181.0
2024-04-22T15:52:00.678885,105181.0,105181.0
2024-04-22T15:53:00.604182,105181.0,105181.0
2024-04-22T15:54:00.611835,105181.0,105181.0
2024-04-22T15:55:00.590731,105181.0,105181.0
2024-04-22T15:56:00.494750,105181.0,105181.0
2024-04-22T15:57:00.442644,105181.0,105181.0
2024-04-22T15:58:00.503824,105181.0,105181.0
2024-04-22T15:59:00.581978,105181.0,105181.0
2024-04-22T15:59:00.582019,105181.0,105181.0
2024-04-23T10:38:10.976819,105181.0,105181.0
2024-04-23T10:39:00.754117,100945.0,104731.0
2024-04-23T10:40:00.726122,100945.0,104731.0
2024-04-23T10:41:00.786812,100945.0,104509.0
2024-04-23T10:42:00.761084,100945.0,104509.0
2024-04-23T10:43:00.797784,100945.0,104509.0
2024-04-23T10:44:00.732238,100945.0,104341.0
2024-04-23T10:45:00.678542,100945.0,104509.0
2024-04-23T10:46:00.643874,100945.0,104953.0
2024-04-23T10:47:00.728457,100945.0,104845.0
2024-04-23T10:48:00.685345,100945.0,105013.0
2024-04-23T10:49:00.758017,100945.0,104959.0
2024-04-23T10:50:00.768129,100945.0,104677.0
2024-04-23T10:51:00.693299,100945.0,104731.0
2024-04-23T10:52:00.695684,100945.0,104791.0
2024-04-23T10:53:00.796644,100945.0,104401.0
2024-04-23T10:54:00.805405,100945.0,104401.0
2024-04-23T10:55:00.692759,100945.0,104233.0
2024-04-23T10:56:01.090864,100945.0,104065.0
2024-04-23T10:57:00.718654,100945.0,103957.0
2024-04-23T10:58:00.703429,100945.0,103675.0
2024-04-23T10:59:00.760410,100945.0,103789.0
2024-04-23T11:00:00.737077,100945.0,103735.0
2024-04-23T11:01:00.688611,100945.0,103789.0
2024-04-23T11:02:00.797556,99911.0,104666.0
2024-04-23T11:03:00.689394,99911.0,105202.0
2024-04-23T11:04:00.853616,100923.0,105105.0
2024-04-23T11:05:01.011333,99955.0,105152.0
2024-04-23T11:06:00.783987,99955.0,105031.0
2024-04-23T11:07:00.817136,99955.0,104917.0
2024-04-23T11:08:00.908696,99955.0,104917.0
2024-04-23T11:09:00.774610,99955.0,105260.0
2024-04-23T11:10:00.735807,99955.0,105260.0
2024-04-23T11:11:00.897461,99955.0,104581.0
2024-04-23T11:12:00.786068,99955.0,104238.0
2024-04-23T11:13:00.797305,99955.0,104070.0
2024-04-23T11:14:00.787763,99955.0,104016.0
2024-04-23T11:15:00.783715,99955.0,103841.0
2024-04-23T11:16:00.771077,99955.0,103895.0
2024-04-23T11:17:00.799507,99955.0,103895.0
2024-04-23T11:18:00.826747,99955.0,103841.0
2024-04-23T11:19:00.698483,99955.0,103781.0
2024-04-23T11:20:00.784277,99955.0,103727.0
2024-04-23T11:21:00.802045,99955.0,103727.0
2024-04-23T11:22:00.759929,99955.0,103673.0
2024-04-23T11:23:00.831906,99955.0,103216.0
2024-04-23T11:24:00.780703,99955.0,103330.0
2024-04-23T11:25:00.831580,99955.0,103276.0
2024-04-23T11:26:00.843768,99955.0,103330.0
2024-04-23T11:27:00.815129,99955.0,103330.0
2024-04-23T11:28:00.788743,99955.0,103330.0
2024-04-23T11:29:00.733967,99955.0,103619.0
2024-04-23T11:30:00.817645,99955.0,103673.0
2024-04-23T11:31:00.743655,99955.0,103841.0
2024-04-23T11:32:00.825684,99955.0,103565.0
2024-04-23T11:33:00.707934,100560.0,104352.0
2024-04-23T11:34:00.681358,100560.0,104184.0
2024-04-23T11:35:00.749426,100560.0,104244.0
2024-04-23T11:36:00.696618,100560.0,103740.0
2024-04-23T11:37:00.674170,100560.0,103962.0
2024-04-23T11:38:00.708429,100560.0,104352.0
2024-04-23T11:39:00.832690,99610.0,103946.0
2024-04-23T11:40:00.770886,99610.0,103832.0
2024-04-23T11:41:00.783589,99610.0,103940.0
2024-04-23T11:42:00.673153,100560.0,104466.0
2024-04-23T11:43:00.695954,100560.0,104298.0
2024-04-23T11:44:00.977333,99565.0,103709.0
2024-04-23T11:45:00.692536,99565.0,103931.0
2024-04-23T11:46:00.722534,99565.0,104352.0
2024-04-23T11:47:00.755867,99565.0,104153.0
2024-04-23T11:48:00.875173,99565.0,104153.0
2024-04-23T11:49:00.735910,99565.0,104688.0
2024-04-23T11:50:00.781835,99565.0,104634.0
2024-04-23T11:51:00.815404,99565.0,104802.0
2024-04-23T11:52:00.836190,99565.0,104688.0
2024-04-23T11:53:00.794426,99565.0,104381.0
2024-04-23T11:54:00.846803,99565.0,104213.0
2024-04-23T11:55:01.130219,99565.0,104213.0
2024-04-23T11:56:00.752570,99565.0,103991.0
2024-04-23T11:57:00.748234,99565.0,103985.0
2024-04-23T11:58:00.754383,99565.0,104153.0
2024-04-23T11:59:00.764277,99565.0,104267.0
2024-04-23T12:00:00.804450,99565.0,104802.0
2024-04-23T12:01:00.829841,99565.0,104495.0
2024-04-23T12:02:00.778038,99565.0,104688.0
2024-04-23T12:03:00.786233,99565.0,104381.0
2024-04-23T12:04:00.858423,99565.0,103931.0
2024-04-23T12:05:00.798164,99565.0,103991.0
2024-04-23T12:06:00.799782,99565.0,103678.0
2024-04-23T12:07:00.797100,99565.0,103678.0
2024-04-23T12:08:00.832605,99565.0,103570.0
2024-04-23T12:09:00.788935,99565.0,103516.0
2024-04-23T12:10:00.841032,99565.0,103203.0
2024-04-23T12:11:00.736238,99565.0,103311.0
2024-04-23T12:12:00.777284,99565.0,103396.0
2024-04-23T12:13:01.056963,99565.0,103006.0
2024-04-23T12:14:00.779790,99565.0,102952.0
2024-04-23T12:15:00.738837,99565.0,102753.0
2024-04-23T12:16:00.784598,99565.0,102417.0
2024-04-23T12:17:00.769189,99565.0,102417.0
2024-04-23T12:18:00.568168,99565.0,102921.0
2024-04-23T12:19:00.778225,99565.0,102753.0
2024-04-23T12:20:00.757125,99565.0,102753.0
2024-04-23T12:21:00.693750,99565.0,102753.0
2024-04-23T12:22:00.980001,99565.0,102753.0
2024-04-23T12:23:00.728083,99565.0,102699.0
2024-04-23T12:24:00.713426,99565.0,102753.0
2024-04-23T12:25:00.725341,99565.0,102699.0
2024-04-23T12:26:00.653188,99565.0,102753.0
2024-04-23T12:27:00.614779,99565.0,102753.0
2024-04-23T12:28:00.690898,99565.0,102699.0
2024-04-23T12:29:00.778771,99565.0,102585.0
2024-04-23T12:30:00.716563,99565.0,102417.0
2024-04-23T12:31:00.759823,99565.0,102363.0
2024-04-23T12:32:00.679806,99565.0,102363.0
2024-04-23T12:33:00.668981,99565.0,102363.0
2024-04-23T12:34:00.785063,99565.0,102255.0
2024-04-23T12:35:00.693804,99963.0,102195.0
2024-04-23T12:36:00.536268,99963.0,102363.0
2024-04-23T12:37:00.652230,99963.0,102363.0
2024-04-23T12:38:00.588952,99963.0,102363.0
2024-04-23T12:39:00.867586,99963.0,102255.0
2024-04-23T12:40:00.605446,99963.0,102027.0
2024-04-23T12:41:00.658106,99963.0,102027.0
2024-04-23T12:42:00.658604,99963.0,102027.0
2024-04-23T12:43:00.630833,99963.0,102141.0
2024-04-23T12:44:00.566666,99963.0,102141.0
2024-04-23T12:45:00.591942,99963.0,102141.0
2024-04-23T12:46:00.573396,99963.0,102027.0
2024-04-23T12:47:00.584501,99963.0,102027.0
2024-04-23T12:48:00.589126,99963.0,102027.0
2024-04-23T12:49:00.607299,99963.0,102027.0
2024-04-23T12:50:00.546476,99963.0,102027.0
2024-04-23T12:51:00.580567,99963.0,102027.0
2024-04-23T12:52:00.657566,99963.0,102027.0
2024-04-23T12:53:00.611059,99963.0,102027.0
2024-04-23T12:54:00.933362,99963.0,102027.0
2024-04-23T12:55:00.584611,99963.0,102363.0
2024-04-23T12:56:00.635574,99963.0,102753.0
2024-04-23T12:57:00.614816,99963.0,102195.0
2024-04-23T12:58:00.966013,99963.0,102363.0
2024-04-23T12:59:00.588968,99963.0,102531.0
2024-04-23T13:00:00.616211,99963.0,102417.0
2024-04-23T13:01:00.630197,99963.0,102585.0
2024-04-23T13:02:00.609226,99963.0,102699.0
2024-04-23T13:03:00.583151,99963.0,102753.0
2024-04-23T13:04:00.625510,99963.0,102699.0
2024-04-23T13:05:00.975205,99963.0,102417.0
2024-04-23T13:06:00.592883,99963.0,102309.0
2024-04-23T13:07:00.723134,99963.0,101913.0
2024-04-23T13:08:00.619763,99963.0,101859.0
2024-04-23T13:09:00.517621,99963.0,101973.0
2024-04-23T13:10:00.542866,99963.0,102141.0
2024-04-23T13:11:00.594522,99963.0,102531.0
2024-04-23T13:12:00.650011,99963.0,102477.0
2024-04-23T13:13:00.631512,99963.0,102867.0
2024-04-23T13:14:00.605094,99963.0,102759.0
2024-04-23T13:15:00.580622,99963.0,103035.0
2024-04-23T13:16:00.677128,99963.0,103257.0
2024-04-23T13:17:00.747804,99963.0,103035.0
2024-04-23T13:18:00.573325,99963.0,103257.0
2024-04-23T13:19:00.647622,99963.0,103089.0
2024-04-23T13:20:00.699730,99963.0,102867.0
2024-04-23T13:21:00.748393,99963.0,102645.0
2024-04-23T13:22:00.711169,99963.0,102195.0
2024-04-23T13:23:00.626391,99963.0,102141.0
2024-04-23T13:24:00.595394,99963.0,102195.0
2024-04-23T13:25:00.680348,99963.0,102309.0
2024-04-23T13:26:00.596418,99963.0,102477.0
2024-04-23T13:27:00.622423,99963.0,102141.0
2024-04-23T13:28:00.660944,99963.0,102141.0
2024-04-23T13:29:00.660069,99963.0,102087.0
2024-04-23T13:30:00.606988,99963.0,101973.0
2024-04-23T13:31:00.587915,99963.0,101973.0
2024-04-23T13:32:00.920716,99963.0,101973.0
2024-04-23T13:33:00.558003,99963.0,102087.0
2024-04-23T13:34:00.661630,99963.0,101973.0
2024-04-23T13:35:00.630054,99963.0,101919.0
2024-04-23T13:36:00.584602,99963.0,101919.0
2024-04-23T13:37:00.737063,99963.0,101751.0
2024-04-23T13:38:00.630394,99963.0,101751.0
2024-04-23T13:39:00.582534,99963.0,101751.0
2024-04-23T13:40:00.644800,99963.0,101583.0
2024-04-23T13:41:00.631219,99963.0,101583.0
2024-04-23T13:42:00.755415,99963.0,101415.0
2024-04-23T13:43:00.669623,99963.0,101247.0
2024-04-23T13:44:00.675223,99963.0,101025.0
2024-04-23T13:45:00.554447,99963.0,101079.0
2024-04-23T13:46:00.610347,99963.0,101247.0
2024-04-23T13:47:00.601020,99963.0,101193.0
2024-04-23T13:48:00.571965,99963.0,101079.0
2024-04-23T13:49:00.566329,99963.0,101079.0
2024-04-23T13:50:00.573588,99963.0,101025.0
2024-04-23T13:51:00.500699,99963.0,101025.0
2024-04-23T13:52:00.519298,99963.0,101025.0
2024-04-23T13:53:00.555220,99963.0,100857.0
2024-04-23T13:54:00.529594,99963.0,100911.0
2024-04-23T13:55:00.881729,99963.0,100911.0
2024-04-23T13:56:00.536731,99963.0,100911.0
2024-04-23T13:57:00.549524,99963.0,100911.0
2024-04-23T13:58:00.567925,99963.0,100911.0
2024-04-23T13:59:00.559476,99963.0,100911.0
2024-04-23T14:00:00.588585,99963.0,100911.0
2024-04-23T14:01:00.612953,99963.0,100911.0
2024-04-23T14:02:00.543112,99963.0,100857.0
2024-04-23T14:03:00.522765,99963.0,100857.0
2024-04-23T14:04:00.859437,99963.0,100911.0
2024-04-23T14:05:00.607551,99963.0,100911.0
2024-04-23T14:06:00.561482,99963.0,100857.0
2024-04-23T14:07:00.569424,99963.0,100911.0
2024-04-23T14:08:00.590942,99963.0,100857.0
2024-04-23T14:09:00.555692,99963.0,100857.0
2024-04-23T14:10:00.677533,99963.0,100911.0
2024-04-23T14:11:00.555932,99963.0,100911.0
2024-04-23T14:12:00.529564,99963.0,100857.0
2024-04-23T14:13:00.672635,100761.0,101139.0
2024-04-23T14:14:00.626354,99578.0,100801.0
2024-04-23T14:15:00.518866,99578.0,100801.0
2024-04-23T14:16:00.792202,99578.0,100747.0
2024-04-23T14:17:00.613923,99578.0,100747.0
2024-04-23T14:18:00.538622,99578.0,100747.0
2024-04-23T14:19:00.617362,99578.0,100801.0
2024-04-23T14:20:00.588975,99578.0,100747.0
2024-04-23T14:21:00.535322,99578.0,100578.0
2024-04-23T14:22:00.586631,99578.0,100524.0
2024-04-23T14:23:00.529087,99578.0,100524.0
2024-04-23T14:24:00.520567,99578.0,100524.0
2024-04-23T14:25:00.584197,99578.0,100524.0
2024-04-23T14:26:00.529100,99578.0,100524.0
2024-04-23T14:27:00.593353,100254.0,100524.0
2024-04-23T14:28:00.570285,100254.0,100578.0
2024-04-23T14:29:00.485902,100254.0,100524.0
2024-04-23T14:30:00.546546,100254.0,100524.0
2024-04-23T14:31:00.580813,100254.0,100524.0
2024-04-23T14:32:00.546569,100254.0,100524.0
2024-04-23T14:33:01.663809,100254.0,100524.0
2024-04-23T14:34:00.636002,100254.0,100578.0
2024-04-23T14:35:00.504494,100254.0,100524.0
2024-04-23T14:36:00.460494,100254.0,100524.0
2024-04-23T14:37:00.508827,100254.0,100524.0
2024-04-23T14:38:00.534444,100254.0,100470.0
2024-04-23T14:39:00.466135,100254.0,100470.0
2024-04-23T14:40:00.634988,100254.0,100470.0
2024-04-23T14:41:00.506609,100254.0,100470.0
2024-04-23T14:42:00.462761,100254.0,100470.0
2024-04-23T14:43:00.509433,100254.0,100470.0
2024-04-23T14:44:00.433802,100254.0,100416.0
2024-04-23T14:45:00.421248,100254.0,100416.0
2024-04-23T14:46:00.443322,100254.0,100416.0
2024-04-23T14:47:00.697931,100254.0,100416.0
2024-04-23T14:48:00.422253,100254.0,100416.0
2024-04-23T14:49:00.453923,100254.0,100416.0
2024-04-23T14:50:00.438318,100254.0,100416.0
2024-04-23T14:51:00.472454,100254.0,100470.0
2024-04-23T14:52:00.694268,99209.0,100556.0
2024-04-23T14:53:01.194260,99209.0,100567.0
2024-04-23T14:54:00.679044,99209.0,100653.0
2024-04-23T14:55:00.619109,99209.0,100610.0
2024-04-23T14:56:00.533677,100254.0,100524.0
2024-04-23T14:57:00.595623,100254.0,100524.0
2024-04-23T14:58:00.513177,100254.0,100524.0
2024-04-23T14:59:00.503917,100254.0,100470.0
2024-04-23T15:00:00.451126,100254.0,100416.0
2024-04-23T15:01:00.469387,100254.0,100470.0
2024-04-23T15:02:00.665731,98449.0,100540.0
2024-04-23T15:03:00.612714,98449.0,100540.0
2024-04-23T15:04:00.545980,98449.0,100559.0
2024-04-23T15:05:00.576947,98449.0,100540.0
2024-04-23T15:06:00.551504,98449.0,100559.0
2024-04-23T15:07:00.621291,98449.0,100540.0
2024-04-23T15:08:00.600914,98449.0,100594.0
2024-04-23T15:09:00.632351,98449.0,100559.0
2024-04-23T15:10:00.604103,98449.0,100540.0
2024-04-23T15:11:00.585268,98449.0,100559.0
2024-04-23T15:12:01.563563,98449.0,100470.0
2024-04-23T15:13:00.656911,98449.0,100489.0
2024-04-23T15:14:00.512767,98449.0,100435.0
2024-04-23T15:15:00.681758,98449.0,100489.0
2024-04-23T15:16:00.702408,98449.0,100470.0
2024-04-23T15:17:00.665831,98449.0,100470.0
2024-04-23T15:18:00.580127,98449.0,100470.0
2024-04-23T15:19:00.648475,98449.0,100543.0
2024-04-23T15:20:00.597320,98449.0,100524.0
2024-04-23T15:21:00.724829,98449.0,100543.0
2024-04-23T15:22:00.607519,98449.0,100435.0
2024-04-23T15:23:00.606690,98449.0,100489.0
2024-04-23T15:24:00.655103,98449.0,100435.0
2024-04-23T15:25:00.492049,98449.0,100435.0
2024-04-23T15:26:00.518623,98449.0,100435.0
2024-04-23T15:27:00.567872,98449.0,100435.0
2024-04-23T15:28:00.601470,98449.0,100435.0
2024-04-23T15:29:00.454823,98449.0,100454.0
2024-04-23T15:30:00.474991,98449.0,100400.0
2024-04-23T15:31:00.495192,98449.0,100381.0
2024-04-23T15:32:00.418365,98449.0,100400.0
2024-04-23T15:33:00.496931,98449.0,100435.0
2024-04-23T15:34:00.387705,98449.0,100346.0
2024-04-23T15:35:00.432000,98449.0,100346.0
2024-04-23T15:36:00.444226,98449.0,100365.0
2024-04-23T15:37:00.428773,98449.0,100365.0
2024-04-23T15:38:00.427441,98449.0,100365.0
2024-04-23T15:39:00.465654,98449.0,100365.0
2024-04-23T15:40:00.424922,98449.0,100365.0
2024-04-23T15:41:00.398664,98449.0,100311.0
2024-04-23T15:42:00.463064,98449.0,100330.0
2024-04-23T15:43:00.425332,98449.0,100330.0
2024-04-23T15:44:00.396427,98449.0,100330.0
2024-04-23T15:45:00.448847,98449.0,100384.0
2024-04-23T15:46:00.473704,98449.0,100384.0
2024-04-23T15:47:00.419532,98449.0,100384.0
2024-04-23T15:48:00.456862,98449.0,100384.0
2024-04-23T15:49:00.483037,98449.0,100384.0
2024-04-23T15:50:00.424733,98449.0,100384.0
2024-04-23T15:51:00.467438,98449.0,100384.0
2024-04-23T15:52:00.428750,98449.0,100384.0
2024-04-23T15:53:00.403677,98449.0,100330.0
2024-04-23T15:54:00.526206,98449.0,100330.0
2024-04-23T15:55:00.420806,98449.0,100330.0
2024-04-23T15:56:00.409886,98449.0,100330.0
2024-04-23T15:57:00.443622,98449.0,100330.0
2024-04-23T15:58:00.433001,98449.0,100330.0
2024-04-23T15:59:00.408604,98449.0,100330.0
2024-04-23T15:59:00.408684,100330.0,100330.0
2024-04-24T10:00:00.870910,98383.0,100112.0
2024-04-24T10:01:01.055604,96373.0,99861.0
2024-04-24T10:02:00.934139,96373.0,99952.0
2024-04-24T10:03:00.953713,96373.0,99786.0
2024-04-24T10:04:00.864890,96373.0,99861.0
2024-04-24T10:05:00.921379,96373.0,99935.0
2024-04-24T10:06:00.963462,96373.0,99695.0
2024-04-24T10:07:01.152188,96316.0,99249.0
2024-04-24T10:08:01.016464,96259.0,99209.0
2024-04-24T10:09:00.825818,96259.0,99209.0
2024-04-24T10:10:00.848168,96259.0,99209.0
2024-04-24T10:11:00.847767,96259.0,99134.0
2024-04-24T10:12:01.034007,95215.0,99158.0
2024-04-24T10:13:00.872092,95215.0,99271.0
2024-04-24T10:14:00.895892,95215.0,99273.0
2024-04-24T10:15:01.004406,95215.0,99629.0
2024-04-24T10:16:00.927967,95215.0,99684.0
2024-04-24T10:17:00.965054,95215.0,99571.0
2024-04-24T10:18:00.961458,95215.0,99665.0
2024-04-24T10:19:00.968315,95215.0,99610.0
2024-04-24T10:20:00.912135,95215.0,99665.0
2024-04-24T10:21:01.031608,95215.0,99703.0
2024-04-24T10:22:00.970818,95215.0,99609.0
2024-04-24T10:23:00.948783,95215.0,99532.0
2024-04-24T10:24:01.007116,95215.0,99479.0
2024-04-24T10:25:00.917215,95215.0,99349.0
2024-04-24T10:26:00.926668,95215.0,99460.0
2024-04-24T10:27:00.967447,95215.0,99424.0
2024-04-24T10:28:00.981907,95215.0,99426.0
2024-04-24T10:29:00.939818,95215.0,99388.0
2024-04-24T10:30:00.946086,95215.0,99426.0
2024-04-24T10:31:00.972301,95215.0,99335.0
2024-04-24T10:32:00.905440,95215.0,99371.0
2024-04-24T10:33:00.964447,95215.0,99352.0
2024-04-24T10:34:00.955033,95215.0,99614.0
2024-04-24T10:35:00.982473,95215.0,99484.0
2024-04-24T10:36:01.036443,95215.0,99650.0
2024-04-24T10:37:00.987898,95215.0,99633.0
2024-04-24T10:38:01.028876,95215.0,99710.0
2024-04-24T10:39:01.035340,95215.0,99689.0
2024-04-24T10:40:00.998612,95215.0,99857.0
2024-04-24T10:41:01.014871,95215.0,99857.0
2024-04-24T10:42:00.951079,95215.0,100135.0
2024-04-24T10:43:00.954689,95215.0,100099.0
2024-04-24T10:44:00.959613,95215.0,99951.0
2024-04-24T10:45:01.043157,95215.0,100043.0
2024-04-24T10:46:00.927326,95215.0,100229.0
2024-04-24T10:47:01.001143,95215.0,100173.0
2024-04-24T10:48:01.038611,95215.0,100081.0
2024-04-24T10:49:00.982460,95215.0,100081.0
2024-04-24T10:50:00.925889,95215.0,99972.0
2024-04-24T10:51:00.990264,95215.0,100120.0
2024-04-24T10:52:00.977798,95215.0,100341.0
2024-04-24T10:53:01.010876,95215.0,100266.0
2024-04-24T10:54:00.980983,95215.0,100266.0
2024-04-24T10:55:00.963081,95215.0,100266.0
2024-04-24T10:56:00.998111,95215.0,100488.0
2024-04-24T10:57:00.971860,95215.0,100340.0
2024-04-24T10:58:00.979799,95215.0,100321.0
2024-04-24T10:59:00.958375,95215.0,100191.0
2024-04-24T11:00:01.060720,95215.0,100340.0
2024-04-24T11:01:00.982328,95215.0,100304.0
2024-04-24T11:02:00.976958,95215.0,100304.0
2024-04-24T11:03:01.081368,95215.0,100526.0
2024-04-24T11:04:01.006674,97953.0,100765.0
2024-04-24T11:05:01.061538,97085.0,100749.0
2024-04-24T11:06:01.083050,97085.0,100732.0
2024-04-24T11:07:01.009494,97085.0,100749.0
2024-04-24T11:08:00.984717,97085.0,100824.0
2024-04-24T11:09:01.079311,97085.0,100933.0
2024-04-24T11:10:01.170182,96140.0,100873.0
2024-04-24T11:11:01.098194,96140.0,100629.0
2024-04-24T11:12:01.075976,96140.0,100738.0
2024-04-24T11:13:00.997893,96140.0,100738.0
2024-04-24T11:14:00.949813,96140.0,100738.0
2024-04-24T11:15:01.145630,96140.0,100724.0
2024-04-24T11:16:01.055965,96140.0,100951.0
2024-04-24T11:17:00.952492,96140.0,101007.0
2024-04-24T11:18:01.030086,96140.0,100688.0
2024-04-24T11:19:01.071423,96140.0,100780.0
2024-04-24T11:20:01.111483,96140.0,100932.0
2024-04-24T11:21:01.104441,96140.0,101007.0
2024-04-24T11:22:01.002597,96140.0,101099.0
2024-04-24T11:23:01.105405,96140.0,100915.0
2024-04-24T11:24:01.094009,96140.0,101024.0
2024-04-24T11:25:00.928595,96140.0,101251.0
2024-04-24T11:26:01.082988,96140.0,100780.0
2024-04-24T11:27:01.074381,96140.0,100710.0
2024-04-24T11:28:01.145665,96140.0,100558.0
2024-04-24T11:29:01.109528,96140.0,100544.0
2024-04-24T11:30:01.141108,96140.0,100530.0
2024-04-24T11:31:01.085656,96140.0,100360.0
2024-04-24T11:32:01.116924,96140.0,100360.0
2024-04-24T11:33:01.066516,96140.0,100169.0
2024-04-24T11:34:01.137885,96140.0,100077.0
2024-04-24T11:35:01.144372,96140.0,99985.0
2024-04-24T11:36:01.069787,96140.0,100063.0
2024-04-24T11:37:01.122468,96140.0,100155.0
2024-04-24T11:38:01.111297,96140.0,100155.0
2024-04-24T11:39:01.249464,96140.0,100005.0
2024-04-24T11:40:01.155713,96140.0,100005.0
2024-04-24T11:41:01.053888,96140.0,100005.0
2024-04-24T11:42:01.101498,96140.0,100080.0
2024-04-24T11:43:00.980620,96140.0,100296.0
2024-04-24T11:44:01.101737,98259.0,100929.0
2024-04-24T11:45:00.741529,98259.0,101071.0
2024-04-24T11:46:00.882403,98259.0,101107.0
2024-04-24T11:47:01.064335,98259.0,101235.0
2024-04-24T11:48:00.938224,97097.0,101071.0
2024-04-24T11:49:01.050699,95459.0,100701.0
2024-04-24T11:50:00.955443,95459.0,100612.0
2024-04-24T11:51:00.997932,95459.0,100908.0
2024-04-24T11:52:00.909817,95459.0,100922.0
2024-04-24T11:53:00.973361,95459.0,100922.0
2024-04-24T11:54:00.956295,95459.0,100908.0
2024-04-24T11:55:00.946672,95459.0,100637.0
2024-04-24T11:56:00.908943,95459.0,100883.0
2024-04-24T11:57:00.885811,95459.0,101193.0
2024-04-24T11:58:00.957537,95459.0,101179.0
2024-04-24T11:59:01.036929,95459.0,100908.0
2024-04-24T12:00:00.969144,95459.0,101179.0
2024-04-24T12:01:01.048822,95459.0,100659.0
2024-04-24T12:02:01.073843,95459.0,100726.0
2024-04-24T12:03:00.955060,95459.0,100815.0
2024-04-24T12:04:01.044074,95459.0,100477.0
2024-04-24T12:05:01.019247,95459.0,100103.0
2024-04-24T12:06:00.907055,95459.0,100413.0
2024-04-24T12:07:00.863526,95459.0,100712.0
2024-04-24T12:08:00.809244,95459.0,100801.0
2024-04-24T12:09:01.059055,95459.0,100904.0
2024-04-24T12:10:00.892444,95459.0,101175.0
2024-04-24T12:11:00.869009,96649.0,101488.0
2024-04-24T12:12:01.070293,94801.0,101106.0
2024-04-24T12:13:00.850142,94801.0,101203.0
2024-04-24T12:14:00.966198,94801.0,101128.0
2024-04-24T12:15:00.900816,94801.0,101203.0
2024-04-24T12:16:00.973776,94801.0,101114.0
2024-04-24T12:17:01.010954,94801.0,100799.0
2024-04-24T12:18:00.886686,96649.0,100829.0
2024-04-24T12:19:00.988775,95704.0,100869.0
2024-04-24T12:20:01.531376,95704.0,100869.0
2024-04-24T12:21:00.966784,95704.0,100661.0
2024-04-24T12:22:01.961116,95704.0,100661.0
2024-04-24T12:23:00.844376,95704.0,100918.0
2024-04-24T12:24:01.006768,95704.0,101000.0
2024-04-24T12:25:00.982250,95704.0,101077.0
2024-04-24T12:26:00.944187,96586.0,100958.0
2024-04-24T12:27:00.909550,96586.0,100869.0
2024-04-24T12:28:00.886090,96586.0,100780.0
2024-04-24T12:29:00.848564,96586.0,100705.0
2024-04-24T12:30:01.040479,95839.0,100425.0
2024-04-24T12:31:00.874149,98069.0,101228.0
2024-04-24T12:32:00.907866,97277.0,101251.0
2024-04-24T12:33:00.817746,97277.0,101274.0
2024-04-24T12:34:00.858190,97277.0,101274.0
2024-04-24T12:35:00.859083,97277.0,101311.0
2024-04-24T12:36:00.919726,97937.0,101349.0
2024-04-24T12:37:00.865283,97937.0,101274.0
2024-04-24T12:38:00.778487,97937.0,101260.0
2024-04-24T12:39:00.833838,97937.0,101260.0
2024-04-24T12:40:00.952319,96947.0,101161.0
2024-04-24T12:41:00.856466,96947.0,101236.0
2024-04-24T12:42:00.899158,96947.0,101250.0
2024-04-24T12:43:00.761071,96947.0,101264.0
2024-04-24T12:44:01.087327,96947.0,101513.0
2024-04-24T12:45:00.869991,96947.0,101414.0
2024-04-24T12:46:00.918727,96101.0,101532.0
2024-04-24T12:47:00.845879,96101.0,101546.0
2024-04-24T12:48:00.948313,96101.0,101607.0
2024-04-24T12:49:00.828655,96101.0,101532.0
2024-04-24T12:50:00.992112,96101.0,101612.0
2024-04-24T12:51:01.204199,97041.0,101528.0
2024-04-24T12:52:00.804076,98130.0,101528.0
2024-04-24T12:53:01.082351,94650.0,100685.0
2024-04-24T12:54:00.912124,94650.0,100521.0
2024-04-24T12:55:00.993178,94650.0,100479.0
2024-04-24T12:56:01.050030,97835.0,100952.0
2024-04-24T12:57:00.856115,97835.0,100877.0
2024-04-24T12:58:01.052931,95507.0,100330.0
2024-04-24T12:59:00.879300,95507.0,100464.0
2024-04-24T13:00:01.009308,95507.0,100082.0
2024-04-24T13:01:00.852961,96819.0,100039.0
2024-04-24T13:02:00.839343,96819.0,100114.0
2024-04-24T13:03:00.884708,95459.0,100094.0
2024-04-24T13:04:00.896605,95459.0,100025.0
2024-04-24T13:05:00.922917,95459.0,100175.0
2024-04-24T13:06:00.899831,95459.0,100096.0
2024-04-24T13:07:00.925733,95459.0,100082.0
2024-04-24T13:08:00.958646,97074.0,100138.0
2024-04-24T13:09:00.947182,95839.0,100069.0
2024-04-24T13:10:00.968606,95839.0,100083.0
2024-04-24T13:11:00.940453,95839.0,100059.0
2024-04-24T13:12:00.952783,97074.0,100049.0
2024-04-24T13:13:00.869328,97074.0,99974.0
2024-04-24T13:14:00.882855,97074.0,99885.0
2024-04-24T13:15:00.928981,95986.0,99956.0
2024-04-24T13:16:00.870118,95986.0,99920.0
2024-04-24T13:17:01.064216,97645.0,99889.0
2024-04-24T13:18:00.907095,97645.0,99964.0
2024-04-24T13:19:00.795781,97645.0,99739.0
2024-04-24T13:20:00.793956,97645.0,99739.0
2024-04-24T13:21:00.851443,97645.0,99814.0
2024-04-24T13:22:00.787192,97645.0,99739.0
2024-04-24T13:23:00.966551,96670.0,99625.0
2024-04-24T13:24:00.836476,97632.0,99651.0
2024-04-24T13:25:00.803330,97632.0,99687.0
2024-04-24T13:26:01.003659,96212.0,99450.0
2024-04-24T13:27:00.749479,96212.0,99525.0
2024-04-24T13:28:00.748046,96212.0,99584.0
2024-04-24T13:29:00.849008,96212.0,99525.0
2024-04-24T13:30:00.863334,96212.0,99430.0
2024-04-24T13:31:00.842689,96940.0,99304.0
2024-04-24T13:32:00.886656,96940.0,99186.0
2024-04-24T13:33:00.691442,96940.0,99185.0
2024-04-24T13:34:00.690262,98240.0,99284.0
2024-04-24T13:35:00.828910,97200.0,99213.0
2024-04-24T13:36:00.725921,97200.0,99229.0
2024-04-24T13:37:00.670663,97200.0,99245.0
2024-04-24T13:38:00.948115,95535.0,98961.0
2024-04-24T13:39:00.969201,95535.0,98687.0
2024-04-24T13:40:00.729034,98745.0,98997.0
2024-04-24T13:41:00.743800,97584.0,98943.0
2024-04-24T13:42:00.825256,96192.0,98826.0
2024-04-24T13:43:00.713354,96192.0,98877.0
2024-04-24T13:44:00.784862,96192.0,98826.0
2024-04-24T13:45:00.791631,96192.0,98826.0
2024-04-24T13:46:00.740059,96192.0,98835.0
2024-04-24T13:47:00.715510,96192.0,98763.0
2024-04-24T13:48:00.816825,96192.0,98619.0
2024-04-24T13:49:00.825752,96192.0,98568.0
2024-04-24T13:50:00.778196,96192.0,98661.0
2024-04-24T13:51:00.850273,96192.0,98625.0
2024-04-24T13:52:00.803542,96192.0,98610.0
2024-04-24T13:53:00.951752,96192.0,98592.0
2024-04-24T13:54:00.799798,96192.0,98595.0
2024-04-24T13:55:00.796394,96192.0,98559.0
2024-04-24T13:56:00.870680,96192.0,98559.0
2024-04-24T13:57:00.804149,96192.0,98532.0
2024-04-24T13:58:00.801540,96192.0,98508.0
2024-04-24T13:59:00.836523,96192.0,98442.0
2024-04-24T14:00:00.805741,96192.0,98433.0
2024-04-24T14:01:00.787700,96192.0,98541.0
2024-04-24T14:02:00.816844,96192.0,98517.0
2024-04-24T14:03:00.763160,96192.0,98583.0
2024-04-24T14:04:00.803482,96192.0,98634.0
2024-04-24T14:05:00.826766,96192.0,98685.0
2024-04-24T14:06:01.019500,97539.0,98830.0
2024-04-24T14:07:00.723369,96713.0,98802.0
2024-04-24T14:08:00.850177,97595.0,98847.0
2024-04-24T14:09:01.045706,88508.0,98448.0
2024-04-24T14:10:00.804841,88508.0,98006.0
2024-04-24T14:11:00.723725,88508.0,98264.0
2024-04-24T14:12:00.851686,88508.0,97584.0
2024-04-24T14:13:00.873293,87680.0,98311.0
2024-04-24T14:14:00.830112,87680.0,98881.0
2024-04-24T14:15:00.873513,94649.0,100223.0
2024-04-24T14:16:00.881773,93120.0,100002.0
2024-04-24T14:17:00.755192,93120.0,100036.0
2024-04-24T14:18:00.823638,92250.0,100140.0
2024-04-24T14:19:00.792435,92250.0,99956.0
2024-04-24T14:20:00.826480,92250.0,100000.0
2024-04-24T14:21:00.820551,92250.0,100276.0
2024-04-24T14:22:00.853397,93140.0,100078.0
2024-04-24T14:23:00.809700,93140.0,100078.0
2024-04-24T14:24:00.748892,93140.0,99918.0
2024-04-24T14:25:00.757452,93140.0,100010.0
2024-04-24T14:26:01.961945,93140.0,100044.0
2024-04-24T14:27:00.731105,93140.0,99884.0
2024-04-24T14:28:00.638081,93140.0,100170.0
2024-04-24T14:29:00.848866,92891.0,100745.0
2024-04-24T14:30:00.850535,91929.0,100614.0
2024-04-24T14:31:00.751771,91929.0,100652.0
2024-04-24T14:32:00.778150,91929.0,100826.0
2024-04-24T14:33:00.824830,91929.0,100723.0
2024-04-24T14:34:00.819900,94502.0,101049.0
2024-04-24T14:35:00.693073,94502.0,100944.0
2024-04-24T14:36:00.647222,94502.0,101036.0
2024-04-24T14:37:00.651939,94502.0,101036.0
2024-04-24T14:38:00.932672,92276.0,100587.0
2024-04-24T14:39:00.699568,94502.0,101010.0
2024-04-24T14:40:00.890198,93150.0,100671.0
2024-04-24T14:41:00.838467,93150.0,100658.0
2024-04-24T14:42:00.882118,93150.0,100671.0
2024-04-24T14:43:00.840646,93150.0,100251.0
2024-04-24T14:44:00.839171,95256.0,100868.0
2024-04-24T14:45:00.902299,91562.0,100420.0
2024-04-24T14:46:00.711222,91562.0,100666.0
2024-04-24T14:47:00.740685,95256.0,100868.0
2024-04-24T14:48:00.642573,95256.0,100960.0
2024-04-24T14:49:00.590454,95256.0,101052.0
2024-04-24T14:50:00.624628,95256.0,101144.0
2024-04-24T14:51:00.844294,91964.0,100977.0
2024-04-24T14:52:00.750237,95098.0,101262.0
2024-04-24T14:53:00.844482,91726.0,100846.0
2024-04-24T14:54:00.741184,91726.0,100870.0
2024-04-24T14:55:00.836511,95030.0,101194.0
2024-04-24T14:56:00.621611,95030.0,101194.0
2024-04-24T14:57:00.609861,95030.0,101286.0
2024-04-24T14:58:00.777146,93965.0,101144.0
2024-04-24T14:59:00.687089,93965.0,101307.0
2024-04-24T15:00:00.882665,93972.0,101420.0
2024-04-24T15:01:00.636939,93972.0,101212.0
2024-04-24T15:02:00.794016,92870.0,101154.0
2024-04-24T15:03:00.837914,93870.0,101214.0
2024-04-24T15:04:00.801730,91542.0,101039.0
2024-04-24T15:05:00.758885,92702.0,101179.0
2024-04-24T15:06:00.799247,93453.0,101313.0
2024-04-24T15:07:00.630503,93453.0,101479.0
2024-04-24T15:08:00.862177,98531.0,101295.0
2024-04-24T15:09:00.785525,98531.0,100808.0
2024-04-24T15:10:00.779658,98531.0,100736.0
2024-04-24T15:11:00.906430,97144.0,100496.0
2024-04-24T15:12:00.772028,97144.0,100514.0
2024-04-24T15:13:00.838144,97144.0,100320.0
2024-04-24T15:14:00.866116,97642.0,100173.0
2024-04-24T15:15:00.832730,96787.0,100229.0
2024-04-24T15:16:00.752806,96787.0,100229.0
2024-04-24T15:17:01.215700,96787.0,100303.0
2024-04-24T15:18:00.814133,96787.0,100294.0
2024-04-24T15:19:00.677569,96787.0,100395.0
2024-04-24T15:20:00.874719,96787.0,100331.0
2024-04-24T15:21:00.887144,96787.0,100294.0
2024-04-24T15:22:00.773892,98173.0,100368.0
2024-04-24T15:23:00.911463,95023.0,100236.0
2024-04-24T15:24:00.816058,95023.0,99011.0
2024-04-24T15:25:00.660774,95023.0,98969.0
2024-04-24T15:26:00.836134,95023.0,98523.0
2024-04-24T15:27:00.675206,95023.0,98620.0
2024-04-24T15:28:00.758898,95023.0,98437.0
2024-04-24T15:29:00.786825,98344.0,99217.0
2024-04-24T15:30:00.559090,98344.0,99217.0
2024-04-24T15:31:01.640347,98344.0,99208.0
2024-04-24T15:32:00.623257,98344.0,99208.0
2024-04-24T15:33:00.603961,98344.0,99208.0
2024-04-24T15:34:00.524939,98344.0,99217.0
2024-04-24T15:35:00.567350,98344.0,99217.0
2024-04-24T15:36:00.637761,98344.0,99208.0
2024-04-24T15:37:00.593650,98344.0,99208.0
2024-04-24T15:38:00.570463,98344.0,99217.0
2024-04-24T15:39:00.552359,98344.0,99217.0
2024-04-24T15:40:00.548519,98344.0,99217.0
2024-04-24T15:41:00.592603,98344.0,99217.0
2024-04-24T15:42:00.551000,98344.0,99217.0
2024-04-24T15:43:00.541552,98344.0,99235.0
2024-04-24T15:44:00.571176,98344.0,99235.0
2024-04-24T15:45:00.547215,98344.0,99235.0
2024-04-24T15:46:00.558448,98344.0,99235.0
2024-04-24T15:47:00.553489,98344.0,99235.0
2024-04-24T15:48:00.557755,98344.0,99235.0
2024-04-24T15:49:00.544417,98344.0,99235.0
2024-04-24T15:50:00.558103,98344.0,99235.0
2024-04-24T15:51:00.877866,98344.0,99235.0
2024-04-24T15:52:00.556402,98344.0,99235.0
2024-04-24T15:53:00.565020,98344.0,99235.0
2024-04-24T15:54:00.561050,98344.0,99235.0
2024-04-24T15:55:00.561069,98344.0,99235.0
2024-04-24T15:56:00.555689,98344.0,99235.0
2024-04-24T15:57:00.527109,98344.0,99235.0
2024-04-24T15:58:00.576417,98344.0,99235.0
2024-04-24T15:59:00.868311,98344.0,99235.0
2024-04-24T15:59:00.868400,99235.0,99235.0
2024-04-25T10:00:01.218965,88613.0,98752.0
2024-04-25T10:01:01.149124,88613.0,98743.0
2024-04-25T10:02:01.046931,88613.0,98724.0
2024-04-25T10:03:00.999142,88613.0,98606.0
2024-04-25T10:04:01.077796,87812.0,98705.0
2024-04-25T10:05:01.063436,88612.0,98766.0
2024-04-25T10:06:01.227469,85680.0,98648.0
2024-04-25T10:07:01.193347,85680.0,98597.0
2024-04-25T10:08:01.222400,85680.0,98371.0
2024-04-25T10:09:01.234910,87424.0,98637.0
2024-04-25T10:10:01.244478,87424.0,98479.0
2024-04-25T10:11:01.480160,87424.0,98429.0
2024-04-25T10:12:01.255018,87424.0,98548.0
2024-04-25T10:13:01.120552,87424.0,98578.0
2024-04-25T10:14:01.174917,87424.0,98559.0
2024-04-25T10:15:01.111157,87424.0,98696.0
2024-04-25T10:16:01.210885,86206.0,98682.0
2024-04-25T10:17:01.215323,86206.0,98652.0
2024-04-25T10:18:01.178527,86206.0,98409.0
2024-04-25T10:19:01.303760,86206.0,98240.0
2024-04-25T10:20:01.298223,86206.0,98398.0
2024-04-25T10:21:01.227779,86206.0,98407.0
2024-04-25T10:22:01.201070,86206.0,98398.0
2024-04-25T10:23:01.341398,86206.0,98241.0
2024-04-25T10:24:01.295456,86206.0,98240.0
2024-04-25T10:25:01.219467,86206.0,98263.0
2024-04-25T10:26:01.239936,86206.0,98254.0
2024-04-25T10:27:01.226310,86899.0,98370.0
2024-04-25T10:28:01.212343,86899.0,98370.0
2024-04-25T10:29:01.233956,86899.0,98277.0
2024-04-25T10:30:01.067272,86899.0,98414.0
2024-04-25T10:31:01.078838,86899.0,98252.0
2024-04-25T10:32:01.087119,86899.0,98266.0
2024-04-25T10:33:01.184595,86025.0,98469.0
2024-04-25T10:34:01.242266,86025.0,98558.0
2024-04-25T10:35:01.230594,86025.0,98582.0
2024-04-25T10:36:01.267977,86025.0,98624.0
2024-04-25T10:37:01.280068,86025.0,98741.0
2024-04-25T10:38:01.311351,86025.0,98689.0
2024-04-25T10:39:01.280036,86785.0,98769.0
2024-04-25T10:40:01.163208,86785.0,98621.0
2024-04-25T10:41:01.169321,86785.0,98765.0
2024-04-25T10:42:01.128780,86785.0,98920.0
2024-04-25T10:43:01.228231,86785.0,98906.0
2024-04-25T10:44:01.122125,85461.0,98789.0
2024-04-25T10:45:01.131306,85461.0,98717.0
2024-04-25T10:46:01.307095,84493.0,98915.0
2024-04-25T10:47:01.222698,87066.0,99064.0
2024-04-25T10:48:01.236111,85987.0,98933.0
2024-04-25T10:49:01.233106,85987.0,98933.0
2024-04-25T10:50:01.287870,87079.0,99066.0
2024-04-25T10:51:01.138555,86071.0,99095.0
2024-04-25T10:52:01.218966,86071.0,99095.0
2024-04-25T10:53:01.252879,87103.0,99120.0
2024-04-25T10:54:01.080295,87103.0,99160.0
2024-04-25T10:55:01.124817,87103.0,99308.0
2024-04-25T10:56:01.099612,87103.0,99308.0
2024-04-25T10:57:01.111258,87103.0,99308.0
2024-04-25T10:58:01.027999,87103.0,99456.0
2024-04-25T10:59:01.014960,87103.0,99604.0
2024-04-25T11:00:00.983114,87103.0,99604.0
2024-04-25T11:01:01.132735,86296.0,99564.0
2024-04-25T11:02:01.094567,86296.0,99503.0
2024-04-25T11:03:01.128689,86296.0,99344.0
2024-04-25T11:04:01.251281,86296.0,99492.0
2024-04-25T11:05:01.288900,85673.0,99316.0
2024-04-25T11:06:01.284022,85673.0,99330.0
2024-04-25T11:07:01.277606,85673.0,99485.0
2024-04-25T11:08:01.201417,85673.0,99313.0
2024-04-25T11:09:01.277218,85673.0,99471.0
2024-04-25T11:10:01.311019,85673.0,99461.0
2024-04-25T11:11:01.221443,85673.0,99323.0
2024-04-25T11:12:01.054677,85673.0,99288.0
2024-04-25T11:13:01.090719,85673.0,99429.0
2024-04-25T11:14:01.155868,87374.0,99302.0
2024-04-25T11:15:01.028523,87374.0,99309.0
2024-04-25T11:16:01.080529,87374.0,99450.0
2024-04-25T11:17:01.303488,89949.0,99659.0
2024-04-25T11:18:01.120110,89915.0,99604.0
2024-04-25T11:19:01.175933,89915.0,99604.0
2024-04-25T11:20:01.297241,89233.0,99603.0
2024-04-25T11:21:01.052261,89233.0,99603.0
2024-04-25T11:22:01.150434,88423.0,99513.0
2024-04-25T11:23:01.119742,88423.0,99558.0
2024-04-25T11:24:01.154935,88423.0,99480.0
2024-04-25T11:25:01.057953,88423.0,99541.0
2024-04-25T11:26:01.039424,88423.0,99486.0
2024-04-25T11:27:01.164427,88423.0,99469.0
2024-04-25T11:28:01.075008,88423.0,99521.0
2024-04-25T11:29:01.119673,88423.0,99362.0
2024-04-25T11:30:01.222949,88423.0,99402.0
2024-04-25T11:31:01.034203,88423.0,99564.0
2024-04-25T11:32:01.097326,90605.0,99567.0
2024-04-25T11:33:00.969182,90605.0,99668.0
2024-04-25T11:34:01.431978,89285.0,99475.0
2024-04-25T11:35:00.977489,90605.0,99659.0
2024-04-25T11:36:01.137287,88967.0,99516.0
2024-04-25T11:37:01.050380,88967.0,99525.0
2024-04-25T11:38:01.357204,88967.0,99449.0
2024-04-25T11:39:01.029934,88967.0,99449.0
2024-04-25T11:40:01.172731,88967.0,99449.0
2024-04-25T11:41:01.154513,88967.0,99373.0
2024-04-25T11:42:00.943982,88967.0,99504.0
2024-04-25T11:43:01.088409,88967.0,99479.0
2024-04-25T11:44:01.050583,88967.0,99479.0
2024-04-25T11:45:01.600020,88967.0,99534.0
2024-04-25T11:46:01.100475,88967.0,99567.0
2024-04-25T11:47:01.114215,88967.0,99631.0
2024-04-25T11:48:01.106093,88967.0,99479.0
2024-04-25T11:49:00.918578,90605.0,99659.0
2024-04-25T11:50:00.858088,90605.0,99613.0
2024-04-25T11:51:00.941319,90605.0,99567.0
2024-04-25T11:52:01.173156,88705.0,99510.0
2024-04-25T11:53:01.060207,90655.0,99800.0
2024-04-25T11:54:01.006843,90655.0,99754.0
2024-04-25T11:55:01.094246,89059.0,99706.0
2024-04-25T11:56:00.999570,89059.0,99782.0
2024-04-25T11:57:00.957490,89059.0,99706.0
2024-04-25T11:58:00.978767,89059.0,99706.0
2024-04-25T11:59:01.072891,89059.0,99487.0
2024-04-25T12:00:01.094521,89059.0,99475.0
2024-04-25T12:01:01.052905,89059.0,99261.0
2024-04-25T12:02:00.976427,89059.0,99185.0
2024-04-25T12:03:00.934550,89059.0,99078.0
2024-04-25T12:04:00.980267,89059.0,98895.0
2024-04-25T12:05:00.983056,89059.0,98822.0
2024-04-25T12:06:00.971298,89994.0,98822.0
2024-04-25T12:07:00.943132,89994.0,98822.0
2024-04-25T12:08:01.160670,88832.0,98915.0
2024-04-25T12:09:01.073427,89371.0,98682.0
2024-04-25T12:10:01.073818,89371.0,98817.0
2024-04-25T12:11:01.170444,88467.0,98967.0
2024-04-25T12:12:01.143812,87123.0,98962.0
2024-04-25T12:13:01.066899,87123.0,98883.0
2024-04-25T12:14:00.946474,88383.0,98883.0
2024-04-25T12:15:00.990154,87624.0,98918.0
2024-04-25T12:16:01.122811,86796.0,98926.0
2024-04-25T12:17:01.103462,86796.0,98825.0
2024-04-25T12:18:01.061592,86796.0,98834.0
2024-04-25T12:19:00.949059,86796.0,98753.0
2024-04-25T12:20:00.976549,86796.0,98736.0
2024-04-25T12:21:01.065421,86796.0,98783.0
2024-04-25T12:22:01.099393,90015.0,98526.0
2024-04-25T12:23:01.154722,89025.0,98496.0
2024-04-25T12:24:01.077535,88265.0,98456.0
2024-04-25T12:25:01.160711,88265.0,98467.0
2024-04-25T12:26:01.114833,88265.0,98427.0
2024-04-25T12:27:01.100030,88265.0,98437.0
2024-04-25T12:28:01.096660,88265.0,98320.0
2024-04-25T12:29:01.058410,88265.0,98146.0
2024-04-25T12:30:01.121817,88265.0,98262.0
2024-04-25T12:31:01.089307,88265.0,98427.0
2024-04-25T12:32:01.175777,88265.0,98331.0
2024-04-25T12:33:01.425767,88265.0,98436.0
2024-04-25T12:34:01.114834,88265.0,98466.0
2024-04-25T12:35:01.140432,88265.0,98466.0
2024-04-25T12:36:01.128645,88265.0,98398.0
2024-04-25T12:37:01.176931,88265.0,98398.0
2024-04-25T12:38:01.142057,88265.0,98505.0
2024-04-25T12:39:01.066050,88265.0,98552.0
2024-04-25T12:40:01.102054,88265.0,98495.0
2024-04-25T12:41:01.066710,88265.0,98475.0
2024-04-25T12:42:01.036750,88265.0,98572.0
2024-04-25T12:43:01.111766,88265.0,98572.0
2024-04-25T12:44:01.087920,88265.0,98495.0
2024-04-25T12:45:01.027621,88265.0,98437.0
2024-04-25T12:46:01.067144,88265.0,98544.0
2024-04-25T12:47:01.064717,88265.0,98525.0
2024-04-25T12:48:01.135410,88265.0,98545.0
2024-04-25T12:49:01.157765,88265.0,98573.0
2024-04-25T12:50:01.094980,88265.0,98573.0
2024-04-25T12:51:00.981680,88265.0,98371.0
2024-04-25T12:52:01.058792,88265.0,98448.0
2024-04-25T12:53:01.125415,88265.0,98361.0
2024-04-25T12:54:01.039922,88265.0,98457.0
2024-04-25T12:55:01.131769,88265.0,98255.0
2024-04-25T12:56:01.096454,88265.0,98054.0
2024-04-25T12:57:01.020849,88265.0,98034.0
2024-04-25T12:58:01.077607,88265.0,98034.0
2024-04-25T12:59:00.961720,88265.0,98168.0
2024-04-25T13:00:01.157218,88265.0,98033.0
2024-04-25T13:01:01.084656,88265.0,98033.0
2024-04-25T13:02:01.150274,88265.0,98042.0
2024-04-25T13:03:01.071291,88265.0,98063.0
2024-04-25T13:04:01.109061,88265.0,98064.0
2024-04-25T13:05:01.097639,88265.0,97782.0
2024-04-25T13:06:01.039450,88265.0,97675.0
2024-04-25T13:07:00.974340,88265.0,97907.0
2024-04-25T13:08:01.011911,88265.0,98140.0
2024-04-25T13:09:00.970749,88265.0,98151.0
2024-04-25T13:10:01.540232,88265.0,98160.0
2024-04-25T13:11:01.021945,88265.0,98275.0
2024-04-25T13:12:00.962437,88265.0,98382.0
2024-04-25T13:13:01.179503,88265.0,97841.0
2024-04-25T13:14:01.354115,89012.0,98304.0
2024-04-25T13:15:00.867218,89012.0,98304.0
2024-04-25T13:16:00.903125,89012.0,98323.0
2024-04-25T13:17:01.034360,87767.0,98221.0
2024-04-25T13:18:01.006368,89027.0,98426.0
2024-04-25T13:19:01.106435,88103.0,98336.0
2024-04-25T13:20:00.973631,88103.0,98435.0
2024-04-25T13:21:01.122084,88103.0,98671.0
2024-04-25T13:22:01.105561,89049.0,98643.0
2024-04-25T13:23:00.906444,89049.0,98877.0
2024-04-25T13:24:00.998087,88069.0,98923.0
2024-04-25T13:25:01.022132,88949.0,98836.0
2024-04-25T13:26:00.896200,88949.0,98934.0
2024-04-25T13:27:01.080929,88569.0,98801.0
2024-04-25T13:28:01.076854,87177.0,98536.0
2024-04-25T13:29:01.017697,87177.0,98616.0
2024-04-25T13:30:01.024356,87177.0,98312.0
2024-04-25T13:31:01.011824,87177.0,98066.0
2024-04-25T13:32:01.080020,88527.0,98039.0
2024-04-25T13:33:01.013485,87727.0,98114.0
2024-04-25T13:34:01.111439,87727.0,97937.0
2024-04-25T13:35:01.036727,87727.0,97937.0
2024-04-25T13:36:01.048129,87727.0,97659.0
2024-04-25T13:37:00.955153,87727.0,97539.0
2024-04-25T13:38:01.033614,87727.0,97432.0
2024-04-25T13:39:01.048331,87727.0,96892.0
2024-04-25T13:40:01.275166,86671.0,96432.0
2024-04-25T13:41:01.084048,86671.0,96705.0
2024-04-25T13:42:01.011598,86671.0,96705.0
2024-04-25T13:43:01.098203,86671.0,96598.0
2024-04-25T13:44:01.029489,86671.0,96630.0
2024-04-25T13:45:01.022690,86671.0,96598.0
2024-04-25T13:46:01.095608,86671.0,96459.0
2024-04-25T13:47:01.011670,86671.0,96344.0
2024-04-25T13:48:01.115765,86671.0,96114.0
2024-04-25T13:49:01.127986,87634.0,95916.0
2024-04-25T13:50:01.100424,86633.0,95921.0
2024-04-25T13:51:01.038222,86633.0,95905.0
2024-04-25T13:52:01.094242,86633.0,95905.0
2024-04-25T13:53:01.086473,86633.0,95814.0
2024-04-25T13:54:01.082904,86633.0,95739.0
2024-04-25T13:55:01.211265,87497.0,95758.0
2024-04-25T13:56:01.056272,87497.0,95785.0
2024-04-25T13:57:01.105448,86604.0,95793.0
2024-04-25T13:58:01.097789,86604.0,95730.0
2024-04-25T13:59:01.062053,86604.0,95738.0
2024-04-25T14:00:01.090651,86604.0,95768.0
2024-04-25T14:01:01.063144,86604.0,95749.0
2024-04-25T14:02:01.074221,86604.0,95768.0
2024-04-25T14:03:01.071139,86604.0,95802.0
2024-04-25T14:04:01.228842,86604.0,95783.0
2024-04-25T14:05:01.096131,87402.0,95846.0
2024-04-25T14:06:01.036201,87402.0,95862.0
2024-04-25T14:07:00.990758,87402.0,95846.0
2024-04-25T14:08:01.103718,86674.0,95801.0
2024-04-25T14:09:01.077572,86674.0,95759.0
2024-04-25T14:10:01.058379,86674.0,95772.0
2024-04-25T14:11:01.072719,87389.0,95812.0
2024-04-25T14:12:01.162674,86113.0,95791.0
2024-04-25T14:13:01.103948,86113.0,95802.0
2024-04-25T14:14:01.109685,87447.0,95827.0
2024-04-25T14:15:01.088685,84147.0,95752.0
2024-04-25T14:16:01.005813,84147.0,95961.0
2024-04-25T14:17:00.982761,84147.0,96036.0
2024-04-25T14:18:01.074040,84147.0,95977.0
2024-04-25T14:19:01.072358,84147.0,95945.0
2024-04-25T14:20:01.042744,84147.0,96004.0
2024-04-25T14:21:00.951761,84147.0,96079.0
2024-04-25T14:22:00.989675,84147.0,96031.0
2024-04-25T14:23:00.941258,84147.0,95999.0
2024-04-25T14:24:01.099632,85203.0,95688.0
2024-04-25T14:25:01.016217,85203.0,95570.0
2024-04-25T14:26:01.023222,85203.0,95500.0
2024-04-25T14:27:00.938355,85203.0,95489.0
2024-04-25T14:28:00.986178,85203.0,95221.0
2024-04-25T14:29:00.936798,85203.0,94796.0
2024-04-25T14:30:01.059309,85203.0,93942.0
2024-04-25T14:31:01.019832,88099.0,94667.0
2024-04-25T14:32:00.837028,86055.0,94639.0
2024-04-25T14:33:00.921164,86055.0,94551.0
2024-04-25T14:34:01.055693,83535.0,94607.0
2024-04-25T14:35:00.948636,81819.0,94525.0
2024-04-25T14:36:00.988350,81819.0,94601.0
2024-04-25T14:37:00.996008,81819.0,94511.0
2024-04-25T14:38:00.957534,81819.0,94533.0
2024-04-25T14:39:01.004035,81819.0,94537.0
2024-04-25T14:40:00.947275,81819.0,94643.0
2024-04-25T14:41:00.980302,81819.0,94553.0
2024-04-25T14:42:01.009454,81819.0,94537.0
2024-04-25T14:43:00.998642,81819.0,94609.0
2024-04-25T14:44:00.989663,81819.0,94647.0
2024-04-25T14:45:01.297617,81819.0,94489.0
2024-04-25T14:46:00.930405,81819.0,94639.0
2024-04-25T14:47:00.912566,81819.0,94577.0
2024-04-25T14:48:00.995466,81819.0,94633.0
2024-04-25T14:49:01.023438,81819.0,94615.0
2024-04-25T14:50:00.995316,81819.0,94793.0
2024-04-25T14:51:00.972087,81819.0,94759.0
2024-04-25T14:52:00.959828,81819.0,94666.0
2024-04-25T14:53:00.939778,81819.0,94725.0
2024-04-25T14:54:00.953232,81819.0,94725.0
2024-04-25T14:55:01.180061,81819.0,94775.0
2024-04-25T14:56:00.944187,81819.0,94707.0
2024-04-25T14:57:01.108985,86355.0,94937.0
2024-04-25T14:58:01.009608,82451.0,94399.0
2024-04-25T14:59:00.890928,85623.0,94155.0
2024-04-25T15:00:00.923666,85623.0,94070.0
2024-04-25T15:01:00.900025,85623.0,93928.0
2024-04-25T15:02:01.019961,83894.0,93925.0
2024-04-25T15:03:00.959963,85680.0,93413.0
2024-04-25T15:04:00.996388,84528.0,93461.0
2024-04-25T15:05:01.112510,82879.0,93228.0
2024-04-25T15:06:01.076429,82879.0,93277.0
2024-04-25T15:07:01.062546,84111.0,93375.0
2024-04-25T15:08:01.009004,79951.0,93344.0
2024-04-25T15:09:01.053659,85071.0,93612.0
2024-04-25T15:10:01.047759,78611.0,93454.0
2024-04-25T15:11:00.999513,78611.0,93686.0
2024-04-25T15:12:00.977373,78611.0,93564.0
2024-04-25T15:13:00.944763,78611.0,92828.0
2024-04-25T15:14:00.858458,78611.0,92828.0
2024-04-25T15:15:00.890537,78611.0,93040.0
2024-04-25T15:16:00.898787,78611.0,92847.0
2024-04-25T15:17:00.850890,78611.0,92790.0
2024-04-25T15:18:00.928566,78611.0,92412.0
2024-04-25T15:19:01.068480,78611.0,91029.0
2024-04-25T15:20:00.984582,79251.0,90429.0
2024-04-25T15:21:01.027193,76591.0,90035.0
2024-04-25T15:22:01.118564,79029.0,90141.0
2024-04-25T15:23:01.022452,78028.0,90166.0
2024-04-25T15:24:01.140899,78028.0,90221.0
2024-04-25T15:25:01.089968,78028.0,90225.0
2024-04-25T15:26:00.980647,78028.0,90129.0
2024-04-25T15:27:01.020282,81790.0,90340.0
2024-04-25T15:28:00.823318,81790.0,90362.0
2024-04-25T15:29:00.715966,81790.0,90374.0
2024-04-25T15:30:00.789410,81790.0,90340.0
2024-04-25T15:31:00.810633,81790.0,90340.0
2024-04-25T15:32:00.768116,81790.0,90328.0
2024-04-25T15:33:00.698093,81790.0,90357.0
2024-04-25T15:34:00.717803,81790.0,90345.0
2024-04-25T15:35:00.739333,81790.0,90345.0
2024-04-25T15:36:00.754189,81790.0,90345.0
2024-04-25T15:37:00.713874,81790.0,90345.0
2024-04-25T15:38:00.731221,81790.0,90345.0
2024-04-25T15:39:00.723030,81790.0,90345.0
2024-04-25T15:40:00.708286,81790.0,90345.0
2024-04-25T15:41:00.698553,81790.0,90362.0
2024-04-25T15:42:00.876617,81790.0,90350.0
2024-04-25T15:43:00.756677,81790.0,90379.0
2024-04-25T15:44:00.670778,81790.0,90379.0
2024-04-25T15:45:00.730451,81790.0,90379.0
2024-04-25T15:46:00.731237,81790.0,90379.0
2024-04-25T15:47:00.723350,81790.0,90379.0
2024-04-25T15:48:00.727754,81790.0,90379.0
2024-04-25T15:49:00.706487,81790.0,90379.0
2024-04-25T15:50:00.842610,81790.0,90367.0
2024-04-25T15:51:00.755841,81790.0,90379.0
2024-04-25T15:52:00.712271,81790.0,90379.0
2024-04-25T15:53:00.701703,81790.0,90391.0
2024-04-25T15:54:00.758412,81790.0,90403.0
2024-04-25T15:55:00.750293,81790.0,90403.0
2024-04-25T15:56:00.737081,81790.0,90403.0
2024-04-25T15:57:00.711060,81790.0,90403.0
2024-04-25T15:58:00.700444,81790.0,90403.0
2024-04-25T15:59:00.725700,81790.0,90403.0
2024-04-25T15:59:00.725800,90403.0,90403.0
